,Province,City,Street,Neighbourhood,Price,Bed,Bath,Size,room
0,ON,Toronto,825 Shaw Street,Dovercourt-Wallace Emerson-Junction,2499000.0,3+2,4,,9
1,ON,Toronto,102 Edenbridge Drive,Edenbridge-Humber Valley,2795000.0,4+2,6,3000-3500,12
2,ON,Toronto,#9-390 Wellesley Street E,Cabbagetown-South St. James Town,1999000.0,2+1,3,1500-2000,6
3,ON,Toronto,41 Farrell Avenue,Newtonbrook West,1499000.0,3+2,2,,7
4,ON,Toronto,65 Madras Crescent,Woburn,1099000.0,3,2,0-0,5
5,ON,Toronto,203 Raleigh Avenue,Clairlea-Birchmount,749900.0,3+2,4,1500-2000,9
6,ON,Toronto,9 John Tabor Trail,Malvern,1199999.0,3,3,,6
7,ON,Toronto,203 Raleigh Avenue,Clairlea-Birchmount,749900.0,3+2,4,1500-2000,9
8,ON,Toronto,65 Madras Crescent,Woburn,1099000.0,3,2,0-0,5
9,ON,Toronto,27 Bournemouth Road,Princess-Rosethorn,1980000.0,4+1,3,1500-2000,8
10,ON,Toronto,125 Highland Crescent,Bridle Path-Sunnybrook-York Mills,4790000.0,4+2,4,,10
11,ON,Toronto,41 Cornerbrook Drive,Parkwoods-Donalda,1800000.0,2+1,4,0-0,7
12,ON,Toronto,157 Cottonwood Drive,Banbury-Don Mills,2588000.0,5+3,3,,11
13,ON,Toronto,1074 Dupont Street,Dovercourt-Wallace Emerson-Junction,1169000.0,4,2,,6
14,ON,Toronto,67 Montgomery Road,Kingsway South,1799000.0,4,3,,7
15,ON,Toronto,86 Weybourne Crescent,Lawrence Park South,9995000.0,9+2,5,5000+,16
16,ON,Toronto,26 Kirk Bradden Road W,Stonegate-Queensway,2189000.0,4+1,4,,9
17,ON,Toronto,1733 Dufferin Street,Oakwood-Vaughan,1799000.0,4+2,3,,9
18,ON,Toronto,271 Waterloo Avenue,Bathurst Manor,1299000.0,4+4,4,,12
19,ON,Toronto,87 Abbott Avenue,High Park North,1880000.0,4,2,,6
20,ON,Toronto,138 Marion Street,Roncesvalles,1788000.0,4+1,4,,9
21,ON,Toronto,188 Martin Grove Road,Islington-City Centre West,3398000.0,4+2,6,,12
22,ON,Toronto,27 Statesman Square,Agincourt North,1288000.0,4,3,2000-2500,7
23,ON,Toronto,98 Aileen Avenue,Keelesdale-Eglinton West,1399000.0,3,3,,6
24,ON,Toronto,38 Russell Hill Road,Casa Loma,3880000.0,4+1,3,,8
25,ON,Toronto,11 Hanson Road,Oakwood-Vaughan,1789000.0,8+2,5,,15
26,ON,Toronto,159 Evelyn Avenue,High Park North,2399000.0,4+1,4,,9
27,ON,Toronto,45 Hunter Street,Blake-Jones,999900.0,3,2,1500-2000,5
28,ON,Toronto,1104 Glengrove Ave Avenue,Yorkdale-Glen Park,1104000.0,4+2,2,,8
29,ON,Toronto,8 Fairglen Crescent,Humberlea-Pelmo Park W4,849000.0,2+1,2,,5
30,ON,Toronto,25 Wallasey Avenue,Humberlea-Pelmo Park W5,899000.0,4,2,,6
31,ON,Toronto,46 Poplar Avenue,Islington-City Centre West,2687000.0,4+2,4,,10
32,ON,Toronto,27 Sunnydale Drive,Stonegate-Queensway,2279000.0,4,4,,8
33,ON,Toronto,7 Chandler Drive,Woburn,1100786.0,3+3,3,1000-1500,9
34,ON,Toronto,74 Rotary Drive,Rouge E11,888800.0,3+1,3,1500-2000,7
35,ON,Toronto,40 Addison Crescent,Banbury-Don Mills,4388000.0,4+1,7,3500-5000,12
36,ON,Toronto,103 Braemar Avenue,Yonge-Eglinton,2995000.0,6+3,3,,12
37,ON,Toronto,106 Mount Olive Drive,Mount Olive-Silverstone-Jamestown,1299000.0,4+1,3,,8
38,ON,Toronto,752 Crawford Street,Dovercourt-Wallace Emerson-Junction,1699000.0,4,2,,6
39,ON,Toronto,234 Willard Avenue,High Park-Swansea,1399000.0,4,2,,6
40,ON,Toronto,2764 St. Clair Avenue E,O'Connor-Parkview,899900.0,2,2,,4
41,ON,Toronto,210 Woodville Avenue,East York,1799000.0,3+1,4,,8
42,ON,Toronto,7 Chappel Hill Road,Downsview-Roding-CFB,1899999.0,3+2,4,1500-2000,9
43,ON,Toronto,723 Dupont Street,Dovercourt-Wallace Emerson-Junction,1549000.0,4,3,2000-2500,7
44,ON,Toronto,6 Brenton Street,O'Connor-Parkview,1499000.0,5+2,3,,10
45,ON,Toronto,125 Torrens Avenue,East York,1199000.0,3+1,2,1000-1500,6
46,ON,Toronto,434 Glengarry Avenue,Bedford Park-Nortown,4295000.0,4+1,7,,12
47,ON,Toronto,48 Newell Court,Edenbridge-Humber Valley,1499999.0,4,2,2000-2500,6
48,ON,Toronto,35 Bowerbank Drive,Newtonbrook East,1288000.0,4+2,4,,10
49,ON,Toronto,76 Poplar Plains Crescent,Casa Loma,6800000.0,4+1,5,3500-5000,10
50,ON,Toronto,166 Kingsview Boulevard,Kingsview Village-The Westway,999900.0,3,2,,5
51,ON,Toronto,115 Saturn Road,Etobicoke West Mall,1200000.0,4,2,1500-2000,6
52,ON,Toronto,47 Alanmeade Crescent,Islington-City Centre West,1500000.0,3,2,,5
53,ON,Toronto,303 Wychwood Avenue,Humewood-Cedarvale,1399000.0,3,2,,5
54,ON,Toronto,16 Edgecroft Road,Stonegate-Queensway,3190000.0,4,5,3000-3500,9
55,ON,Toronto,124 Thompson Avenue,Stonegate-Queensway,2498000.0,2+1,2,,5
56,ON,Toronto,645 Logan Avenue,North Riverdale,2299000.0,4+1,3,,8
57,ON,Toronto,222 Hillsdale Avenue E,Mount Pleasant West,1895000.0,3+1,3,,7
58,ON,Toronto,5 Whitehall Road,Rosedale-Moore Park,2695000.0,3,2,1000-1500,5
59,ON,Toronto,22 Palace Arch Drive,Princess-Rosethorn,3898000.0,4,6,3500-5000,10
60,ON,Toronto,26 Criscoe Street,Rockcliffe-Smythe,899000.0,2+1,2,,5
61,ON,Toronto,338 Inglewood Drive,Rosedale-Moore Park,4395000.0,5,5,,10
62,ON,Toronto,215 Cortleigh Boulevard,Lawrence Park South,3495000.0,5,5,3500-5000,10
63,ON,Toronto,24 Nursewood Road,The Beaches,3749000.0,5+1,5,3500-5000,11
64,ON,Toronto,328 Atlas Avenue,Oakwood-Vaughan,1399000.0,3,3,,6
65,ON,Toronto,7 Scarborough Heights Boulevard,Cliffcrest,1475000.0,3,3,,6
66,ON,Toronto,59 Evanston Drive,Bathurst Manor,1399000.0,3,3,,6
67,ON,Toronto,604 Woburn Avenue,Bedford Park-Nortown,1598000.0,3+1,4,1500-2000,8
68,ON,Toronto,10 Deevale Road,Downsview-Roding-CFB,999998.0,3,3,0-0,6
69,ON,Toronto,55 Winter Gardens Trail,Rouge E10,899000.0,3+1,3,,7
70,ON,Toronto,237 Acton Avenue,Bathurst Manor,1288000.0,3+1,2,,6
71,ON,Toronto,7 Lytton Boulevard,Lawrence Park South,2795000.0,4+1,5,,10
72,ON,Toronto,7 Lytton Boulevard,Lawrence Park South,2795000.0,4+1,5,,10
73,ON,Toronto,20 Goswell Road,Islington-City Centre West,2398000.0,4+2,5,3500-5000,11
74,ON,Toronto,15 Hamstead Avenue,Woodbine-Lumsden,899000.0,3,2,,5
75,ON,Toronto,431 Manor Road E,Mount Pleasant East,1499000.0,3,2,,5
76,ON,Toronto,523 Northcliffe Boulevard,Oakwood-Vaughan,999000.0,3,2,,5
77,ON,Toronto,5 Withycombe Crescent,Milliken,1149000.0,3+1,3,,7
78,ON,Toronto,251 Johnston Avenue,Lansing-Westgate,3779900.0,4+2,6,3500-5000,12
79,ON,Toronto,20 Lionel Heights Crescent,Parkwoods-Donalda,1798800.0,3,3,1000-1500,6
80,ON,Toronto,80 Cavehill Crescent,Wexford-Maryvale,998000.0,3+1,2,,6
81,ON,Toronto,382 Maple Leaf Drive,Maple Leaf,1299000.0,3,2,,5
82,ON,Toronto,8 Ilfracombe Crescent,Wexford-Maryvale,998800.0,3+1,2,,6
83,ON,Toronto,14 Paulander Avenue,Centennial Scarborough,1389000.0,4,3,2500-3000,7
84,ON,Toronto,82 Portwine Drive,Rouge E10,1399000.0,4,4,2500-3000,8
85,ON,Toronto,18 Greengate Road,Banbury-Don Mills,2488800.0,5+1,3,,9
86,ON,Toronto,167 Fairglen Avenue,L'Amoreaux,1399000.0,3+3,4,,10
87,ON,Toronto,258 Patricia Avenue,Newtonbrook West,2998000.0,4+1,7,3500-5000,12
88,ON,Toronto,328 Glen Road,Rosedale-Moore Park,2950000.0,3+1,4,,8
89,ON,Toronto,132 Glendora Avenue,Willowdale East,1590000.0,3+2,2,,7
90,ON,Toronto,238 Forest Hill Road,Forest Hill South,6899000.0,4,5,3500-5000,9
91,ON,Toronto,68 Leroy Avenue,Danforth Village-East York,799900.0,1,2,,3
92,ON,Toronto,270 Westlake Avenue,East York,1268866.0,3+1,2,1000-1500,6
93,ON,Toronto,270 Westlake Avenue,East York,1268866.0,3+1,2,1000-1500,6
94,ON,Toronto,1149 Greenwood Avenue,East York,998000.0,2+1,2,0-0,5
95,ON,Toronto,60 Manorglen Crescent,Agincourt South-Malvern West,1099000.0,4,3,,7
96,ON,Toronto,29 Kintyre Avenue,South Riverdale,1629000.0,4,3,,7
97,ON,Toronto,28 Glen Rush Boulevard,Bedford Park-Nortown,2995000.0,4+2,5,3500-5000,11
98,ON,Toronto,393 Kipling Avenue,New Toronto,1799000.0,4+3,6,2000-2500,13
99,ON,Toronto,42 Ravenview Drive,West Hill,1049000.0,3+1,3,,7
100,ON,Toronto,112 Hounslow Avenue,Willowdale West,3499000.0,4+2,7,3500-5000,13
101,ON,Toronto,25 Vernadale Crescent,Clairlea-Birchmount,999000.0,3+1,1,,5
102,ON,Toronto,12 Murray Avenue,Agincourt South-Malvern West,1399000.0,3,2,,5
103,ON,Toronto,1 Sudbury Hall Drive,Rouge E11,1600000.0,3+3,4,1500-2000,10
104,ON,Toronto,20 Blantyre Avenue,Birchcliffe-Cliffside,2190000.0,3+2,4,,9
105,ON,Toronto,92 Upper Canada Drive,St. Andrew-Windfields,3888000.0,5+3,8,5000+,16
106,ON,Toronto,73 Thirty First Street,Long Branch,1290000.0,3,3,,6
107,ON,Toronto,202 Andona Crescent,Rouge E10,1295000.0,4+1,4,,9
108,ON,Toronto,14 Westwynd Court,Willowridge-Martingrove-Richview,1890000.0,5+1,4,2500-3000,10
109,ON,Toronto,63 Lockerbie Avenue,Humberlea-Pelmo Park W4,1529000.0,4+1,3,,8
110,ON,Toronto,36 Monmouth Court,Woburn,1099000.0,4+1,4,,9
111,ON,Toronto,84 Melchior Drive,West Hill,1199000.0,3+2,3,1500-2000,8
112,ON,Toronto,284 Bogrt Avenue,Lansing-Westgate,1900000.0,4+1,2,,7
113,ON,Toronto,28 Tweedrock Crescent,Morningside,1900000.0,4,3,3500-5000,7
114,ON,Toronto,2 Prince Hal Crescent,Tam O'Shanter-Sullivan,1399000.0,5+4,9,2000-2500,18
115,ON,Toronto,8 Tansley Avenue,Bendale,998000.0,2+3,2,,7
116,ON,Toronto,20 Danjohn Crescent,Agincourt North,1190000.0,3+2,4,1500-2000,9
117,ON,Toronto,11 Dornfell Street,Newtonbrook West,3498888.0,4+2,6,3500-5000,12
118,ON,Toronto,9 Osmund Court,Hillcrest Village,1998000.0,4+2,5,,11
119,ON,Toronto,44 Jeffton Crescent,Woburn,1199000.0,3+2,3,1000-1500,8
120,ON,Toronto,65 Elinor Avenue,Wexford-Maryvale,2199000.0,5+1,5,2500-3000,11
121,ON,Toronto,19 Old Oak Drive,Kingsway South,1900000.0,3,4,2000-2500,7
122,ON,Toronto,17 Renoak Drive,Westminster-Branson,2300000.0,5+1,5,3500-5000,11
123,ON,Toronto,81 Sultan Pool Drive,West Humber-Clairville,999900.0,3+2,2,1500-2000,7
124,ON,Toronto,568 Delaware Avenue N,Wychwood,1780000.0,4+1,5,,10
125,ON,Toronto,27 Sesame Street,L'Amoreaux,1299000.0,4,4,,8
126,ON,Toronto,36 Vanbrugh Avenue,Birchcliffe-Cliffside,999000.0,3,2,,5
127,ON,Toronto,19 Waring Court,Willowdale East,2088000.0,4+4,2,,10
128,ON,Toronto,19 Royal Oak Drive,Bridle Path-Sunnybrook-York Mills,8800000.0,7,9,5000+,16
129,ON,Toronto,156 Prince Edward Drive S,Stonegate-Queensway,1395000.0,3,1,1000-1500,4
130,ON,Toronto,78 Historic Terrace,Milliken,990000.0,4+1,4,,9
131,ON,Toronto,20 Long Crescent,The Beaches,2088000.0,4,1,,5
132,ON,Toronto,5 Gooderham Drive E,Wexford-Maryvale,1199999.0,5+3,4,,12
133,ON,Toronto,32 Tremely Crescent,Eglinton East,1099999.0,3+3,4,1000-1500,10
134,ON,Toronto,9 Romana Drive,Birchcliffe-Cliffside,998800.0,3,2,,5
135,ON,Toronto,15 Brian Avenue,Wexford-Maryvale,999000.0,3+2,2,,7
136,ON,Toronto,153 Rosemount Avenue,Weston,1150000.0,4,2,,6
137,ON,Toronto,78 Aura Lea Boulevard,Humberlea-Pelmo Park W5,1999000.0,4,6,3500-5000,10
138,ON,Toronto,33 Willsteven Drive,Woburn,1500000.0,3+2,2,,7
139,ON,Toronto,17 Dunsmore Gardens,Clanton Park,1288000.0,2,2,,4
140,ON,Toronto,17 Bayview Ridge,Bridle Path-Sunnybrook-York Mills,10800000.0,7+1,7,5000+,15
141,ON,Toronto,7 Craggview Drive,West Hill,1000000.0,4,3,,7
142,ON,Toronto,325 Painted Post Drive,Woburn,988888.0,3+3,3,,9
143,ON,Toronto,23 Christine Crescent,Willowdale West,1899000.0,4,4,,8
144,ON,Toronto,7 Tobruk Crescent,Newtonbrook East,3999000.0,4+1,6,0-0,11
145,ON,Toronto,21 O'halloran Crescent,Milliken,1100000.0,4+2,3,1500-2000,9
146,ON,Toronto,52 Norton Avenue,Willowdale East,4900000.0,4+1,6,,11
147,ON,Toronto,8 Mellanby Place,Banbury-Don Mills,3995000.0,5,5,5000+,10
148,ON,Toronto,60 Falstaff Avenue,Rustic,1599000.0,4+2,4,,10
149,ON,Toronto,37 Elinor Avenue,Wexford-Maryvale,3200000.0,5+3,8,3500-5000,16
150,ON,Toronto,30 Denver Crescent,Henry Farm,4498000.0,5+1,7,5000+,13
151,ON,Toronto,135 Donlands Avenue,Danforth Village,989900.0,3,2,1000-1500,5
152,ON,Toronto,166 Silverthorn Avenue,Weston-Pellam Park,1195000.0,3+1,2,0-0,6
153,ON,Toronto,16 Kingslake Road,Don Valley Village,1898000.0,5+4,4,,13
154,ON,Toronto,59 Chartland Boulevard S,Agincourt North,1480000.0,4+1,3,,8
155,ON,Toronto,144 Clinton Street,Palmerston-Little Italy,2328000.0,3+1,2,2000-2500,6
156,ON,Toronto,113 Decarie Circle,Eringate-Centennial-West Deane,1248000.0,3,2,,5
157,ON,Toronto,59 Bishop Avenue,Newtonbrook East,1990000.0,7,2,,9
158,ON,Toronto,35 Orpington Crescent,Mount Olive-Silverstone-Jamestown,1299000.0,4,3,,7
159,ON,Toronto,35 Conifer Drive,Markland Wood,1980000.0,4+1,5,3500-5000,10
160,ON,Toronto,216 Woodville Avenue,East York,2495000.0,4,4,2000-2500,8
161,ON,Toronto,14 Handel Street,Rockcliffe-Smythe,899999.0,3+2,2,,7
162,ON,Toronto,71 Virginia Avenue,East York,1690000.0,3+1,3,,7
163,ON,Toronto,350 Cortleigh Boulevard,Bedford Park-Nortown,13900000.0,7+1,12,,20
164,ON,Toronto,64 Princess Avenue,Willowdale East,2499000.0,5+1,5,,11
165,ON,Toronto,324 Euclid Avenue,Trinity-Bellwoods,3750000.0,4+1,4,2500-3000,9
166,ON,Toronto,23 Brumwell Street,Centennial Scarborough,1449000.0,4,3,,7
167,ON,Toronto,569 Brimley Road,Eglinton East,1765000.0,3+4,3,1000-1500,10
168,ON,Toronto,30 Plymbridge Crescent,Bridle Path-Sunnybrook-York Mills,6300000.0,4+1,5,3500-5000,10
169,ON,Toronto,22 Benbow Road,Kingsview Village-The Westway,999900.0,3+1,2,,6
170,ON,Toronto,53 Mulgrove Drive,Etobicoke West Mall,1599000.0,3+2,3,2000-2500,8
171,ON,Toronto,19 Shalom Crescent,West Humber-Clairville,1249000.0,3+3,3,1000-1500,9
172,ON,Toronto,24 Nanaberry Street,Rouge E11,1399900.0,4+1,4,,9
173,ON,Toronto,37 Kingsdale Avenue,Willowdale East,2188000.0,3+1,3,2000-2500,7
174,ON,Toronto,63 Corinthian Boulevard,L'Amoreaux,1399900.0,3+3,5,,11
175,ON,Toronto,180 Caribou Road,Bedford Park-Nortown,3588000.0,4+1,6,3500-5000,11
176,ON,Toronto,20 Minnacote Avenue,West Hill,1450000.0,3+2,2,,7
177,ON,Toronto,34 Eaglestone Road,Tam O'Shanter-Sullivan,1588000.0,4+2,4,2000-2500,10
178,ON,Toronto,81 Shropshire Drive,Dorset Park,1199000.0,3+3,3,,9
179,ON,Toronto,92 Shepton Way,Steeles,1987000.0,4+2,5,0-0,11
180,ON,Toronto,89 Finch Avenue E,Willowdale East,2790000.0,5,3,,8
181,ON,Toronto,95 Finch Avenue E,Willowdale East,2790000.0,3+1,3,,7
182,ON,Toronto,33 Lightbourn Avenue,Dovercourt-Wallace Emerson-Junction,799900.0,2+1,1,0-0,4
183,ON,Toronto,7 Tofino Crescent,Banbury-Don Mills,2590000.0,4+2,5,,11
184,ON,Toronto,18 Woodlot Crescent,West Humber-Clairville,1600000.0,4+3,4,2500-3000,11
185,ON,Toronto,1 Brownridge Crescent,West Humber-Clairville,998000.0,3+2,4,1500-2000,9
186,ON,Toronto,564 Main Street,Woodbine-Lumsden,1988000.0,4+1,6,2000-2500,11
187,ON,Toronto,225 Oakwood Avenue,Oakwood-Vaughan,1639000.0,2+1,2,,5
188,ON,Toronto,281 Davisville Avenue,Mount Pleasant West,2499000.0,3+2,3,,8
189,ON,Toronto,162 Wedgewood Drive,Newtonbrook East,2899000.0,4+2,6,3500-5000,12
190,ON,Toronto,197 Mckee Avenue,Willowdale East,2688000.0,5+2,6,,13
191,ON,Toronto,34 Owen Drive,Alderwood,1799999.0,3,4,,7
192,ON,Toronto,33 Tavistock Road,Downsview-Roding-CFB,2648000.0,4+1,5,3500-5000,10
193,ON,Toronto,10 Boyce Avenue,Eglinton East,1089000.0,3+1,2,,6
194,ON,Toronto,25 Newman Avenue,Crescent Town,979000.0,2,1,1000-1500,3
195,ON,Toronto,321 Hillhurst Boulevard,Englemount-Lawrence,2675000.0,3,3,2000-2500,6
196,ON,Toronto,68 Raven Road,Rustic,1799000.0,4,5,2500-3000,9
197,ON,Toronto,243 Berry Road,Stonegate-Queensway,1999999.0,4+2,4,,10
198,ON,Toronto,205 Leslie Street,South Riverdale,1499000.0,3,2,0-0,5
199,ON,Toronto,315 Gilbert Avenue,Caledonia-Fairbank,1599900.0,3,4,,7
200,ON,Toronto,2841 Keele Street,Downsview-Roding-CFB,3750000.0,5+2,4,5000+,11
201,ON,Toronto,80 Earlton Road S,Tam O'Shanter-Sullivan,1298000.0,3+2,2,0-0,7
202,ON,Toronto,43 Linwood Avenue,Tam O'Shanter-Sullivan,1450000.0,4,4,,8
203,ON,Toronto,132 Invermay Avenue,Clanton Park,1299999.0,4+1,4,3000-3500,9
204,ON,Toronto,2496 Lake Shore Boulevard W,Mimico,1599900.0,3+1,2,0-0,6
205,ON,Toronto,4 Greenlaw Avenue,Corso Italia-Davenport,1350000.0,3+2,3,,8
206,ON,Toronto,10 Royal Rouge Trail,Rouge E11,1200000.0,4,4,,8
207,ON,Toronto,515 Donlands Avenue,East York,1099000.0,3+1,3,1500-2000,7
208,ON,Toronto,491 Winona Drive,Oakwood-Vaughan,1625000.0,3,2,,5
209,ON,Toronto,108 Cottonwood Drive,Banbury-Don Mills,1788000.0,4+1,3,,8
210,ON,Toronto,54 South Woodrow Boulevard,Birchcliffe-Cliffside,998000.0,3+1,2,1500-2000,6
211,ON,Toronto,6 Fargo Avenue,Newtonbrook West,1588800.0,5+1,3,,9
212,ON,Toronto,67 Northfield Road,Woburn,800000.0,3,2,,5
213,ON,Toronto,46 Daniels Street,Stonegate-Queensway,1299000.0,2+1,2,,5
214,ON,Toronto,10 Abbotsford Road,Willowdale West,1380000.0,2+1,2,,5
215,ON,Toronto,12 Lauderdale Drive,St. Andrew-Windfields,5288000.0,4+2,6,3500-5000,12
216,ON,Toronto,26 Legato Court,Banbury-Don Mills,1250000.0,–,–,,0
217,ON,Toronto,18 Legato Court,Banbury-Don Mills,1550000.0,–,–,,0
218,ON,Toronto,20 Legato Court,Banbury-Don Mills,1698000.0,–,–,,0
219,ON,Toronto,18 Ternhill Crescent,Banbury-Don Mills,1598000.0,2+2,3,0-0,7
220,ON,Toronto,202 William Street,Weston,999000.0,2+2,2,,6
221,ON,Toronto,113 Harlandale Avenue,Lansing-Westgate,1388000.0,3+1,3,,7
222,ON,Toronto,187 Woodville Avenue,East York,2499000.0,5,3,3000-3500,8
223,ON,Toronto,187 Woodville Avenue,East York,2499000.0,5,3,3000-3500,8
224,ON,Toronto,12 Lockie Avenue,Agincourt South-Malvern West,1698000.0,2,3,1500-2000,5
225,ON,Toronto,6 Doris Drive,O'Connor-Parkview,999000.0,3,2,,5
226,ON,Toronto,189 Hounslow Avenue,Willowdale West,3995000.0,4+1,7,3500-5000,12
227,ON,Toronto,117 Eastwood Avenue,Birchcliffe-Cliffside,1049900.0,2+1,3,,6
228,ON,Toronto,300 Aylesworth Avenue,Birchcliffe-Cliffside,999900.0,3+2,4,1500-2000,9
229,ON,Toronto,10 Hardwick Court,Eringate-Centennial-West Deane,1199000.0,3+2,2,1000-1500,7
230,ON,Toronto,90 Deep Dene Drive,Highland Creek,1199000.0,4+1,3,,8
231,ON,Toronto,34 Wonderland Drive,Morningside,999800.0,3+1,3,,7
232,ON,Toronto,772 Lawrence Avenue E,Banbury-Don Mills,3824888.0,4+2,4,2500-3000,10
233,ON,Toronto,18 Castledene Crescent,Tam O'Shanter-Sullivan,1000000.0,3,2,0-0,5
234,ON,Toronto,130 Beechwood Avenue,Bridle Path-Sunnybrook-York Mills,4488000.0,5+2,5,,12
235,ON,Toronto,7 Windham Drive,Bayview Village,1988888.0,3,2,1500-2000,5
236,ON,Toronto,4206 Bloor St West Street,Etobicoke West Mall,1750000.0,3+1,3,,7
237,ON,Toronto,126 Allanhurst Drive,Edenbridge-Humber Valley,2088000.0,4,3,1500-2000,7
238,ON,Toronto,277 Hastings Avenue,South Riverdale,999900.0,3,2,,5
239,ON,Toronto,152 Taysham Crescent,Thistletown-Beaumonde Heights,1149000.0,3+2,2,1000-1500,7
240,ON,Toronto,485 Hopewell Avenue,Briar Hill-Belgravia,949000.0,1+1,2,,4
241,ON,Toronto,113 Argonne Crescent,Bayview Woods-Steeles,2235000.0,3+1,3,,7
242,ON,Toronto,278 Caledonia Road,Caledonia-Fairbank,899900.0,2+1,2,,5
243,ON,Toronto,12 Craigmore Crescent,Willowdale East,1590000.0,3+2,3,1000-1500,8
244,ON,Toronto,22 Rayside Drive,Markland Wood,1495000.0,3+1,2,,6
245,ON,Toronto,277 Hastings Avenue,South Riverdale,999900.0,3,2,,5
246,ON,Toronto,25 Boem Avenue,Wexford-Maryvale,899900.0,3,2,,5
247,ON,Toronto,38 Marathon Crescent,Newtonbrook West,1559000.0,3+2,3,,8
248,ON,Toronto,103 Malvern Avenue,East End-Danforth,1599900.0,5+2,3,,10
249,ON,Toronto,21 Aldwych Avenue,Danforth Village-East York,1799000.0,3+2,4,,9
250,ON,Toronto,242 Arlington Avenue,Humewood-Cedarvale,1179000.0,3,2,,5
251,ON,Toronto,197 Finch Avenue E,Willowdale East,1690000.0,4+3,2,,9
252,ON,Toronto,34 Ruscica Drive,Victoria Village,1399000.0,3,2,,5
253,ON,Toronto,191 Craven Road,Greenwood-Coxwell,1199900.0,4,2,,6
254,ON,Toronto,56 Cartier Crescent,Bendale,899999.0,4,2,2000-2500,6
255,ON,Toronto,62 Cavell Avenue,Mimico,1849000.0,3,4,0-0,7
256,ON,Toronto,12 Coleridge Avenue,Woodbine-Lumsden,2999990.0,7+1,5,,13
257,ON,Toronto,59 Joanith Drive,O'Connor-Parkview,1689000.0,4+1,3,,8
258,ON,Toronto,92 Chambers Avenue,Weston-Pellam Park,1199000.0,3+1,2,,6
259,ON,Toronto,19 Haimer Avenue,Mount Olive-Silverstone-Jamestown,1048888.0,4,2,,6
260,ON,Toronto,130 Amberjack Boulevard,Woburn,1288000.0,3+2,2,,7
261,ON,Toronto,92 Wesley Street,Stonegate-Queensway,1488000.0,3,3,0-0,6
262,ON,Toronto,452 Ruth Avenue,Newtonbrook East,3388000.0,4+1,6,,11
263,ON,Toronto,95 Fourth Street,New Toronto,1399000.0,3+1,2,,6
264,ON,Toronto,24 Arlington Avenue,Wychwood,1799000.0,3,2,1500-2000,5
265,ON,Toronto,53 Viewmount Avenue,Englemount-Lawrence,2199000.0,3,2,,5
266,ON,Toronto,471 Silverstone Drive,West Humber-Clairville,1749900.0,4+1,4,1500-2000,9
267,ON,Toronto,63 Jones Avenue,South Riverdale,2395000.0,3+1,5,0-0,9
268,ON,Toronto,438 Brookdale Avenue,Bedford Park-Nortown,3395000.0,4+1,4,,9
269,ON,Toronto,8 Redwater Drive,Rexdale-Kipling,1088000.0,3+1,2,700-1100,6
270,ON,Toronto,734 Indian Road,High Park North,2250.0,1,1,501-1000,2
271,ON,Toronto,6 Fairhaven Drive,Kingsview Village-The Westway,2188000.0,4+1,3,,8
272,ON,Toronto,216 Hendon Avenue,Newtonbrook West,1998800.0,4+4,10,,18
273,ON,Toronto,168 Winter Gardens Trail,Rouge E10,979000.0,3,3,,6
274,ON,Toronto,79 Wickson Trail,Malvern,1189000.0,3+2,4,,9
275,ON,Toronto,28 Skyridge Road,Morningside,1188800.0,4+2,4,0-0,10
276,ON,Toronto,7 Boundy Crescent,L'Amoreaux,1199000.0,3+2,3,,8
277,ON,Toronto,104 Grand Avenue,Stonegate-Queensway,1299000.0,4,2,1000-1500,6
278,ON,Toronto,108 Poplar Road,Guildwood,1850000.0,4+2,4,,10
279,ON,Toronto,43 Cree Avenue,Cliffcrest,899000.0,2+1,2,0-0,5
280,ON,Toronto,133 Haslam Street,Birchcliffe-Cliffside,799888.0,3+2,3,,8
281,ON,Toronto,3 Clearcrest Avenue,Newtonbrook East,1988000.0,4+1,4,2500-3000,9
282,ON,Toronto,31 Russell Hill Road,Casa Loma,11900000.0,6+1,9,,16
283,ON,Toronto,301 Euclid Avenue,Trinity-Bellwoods,3199000.0,7,5,,12
284,ON,Toronto,20 Bobwhite Crescent,St. Andrew-Windfields,3899000.0,5+1,5,,11
285,ON,Toronto,79 Wiley Avenue,Danforth Village-East York,999000.0,2+1,2,,5
286,ON,Toronto,22 Elliotwood Court,St. Andrew-Windfields,2688888.0,4+2,4,3000-3500,10
287,ON,Toronto,54 Camwood Crescent,Parkwoods-Donalda,1299000.0,3,2,,5
288,ON,Toronto,56 Apollo Drive,Banbury-Don Mills,2599000.0,4,4,2500-3000,8
289,ON,Toronto,11 Grasspoint Crescent,Markland Wood,1875000.0,4,4,,8
290,ON,Toronto,669 Jane Street,Rockcliffe-Smythe,898800.0,3+1,3,,7
291,ON,Toronto,120 Queensbury Avenue,Birchcliffe-Cliffside,1450000.0,3+2,3,,8
292,ON,Toronto,46 Centre Avenue,Newtonbrook East,2398000.0,4+2,4,,10
293,ON,Toronto,145 Durant Avenue,East York,2649900.0,4,5,0-0,9
294,ON,Toronto,218 Byng Avenue,Willowdale East,3588000.0,5+3,7,3500-5000,15
295,ON,Toronto,5 Cudworth Place,Edenbridge-Humber Valley,3199000.0,5+1,5,3500-5000,11
296,ON,Toronto,18 Roblin Avenue,East York,999000.0,2,2,,4
297,ON,Toronto,11 Phillip Avenue,Birchcliffe-Cliffside,899900.0,2+2,3,,7
298,ON,Toronto,43 Bowood Avenue,Lawrence Park North,1999900.0,3+1,2,1000-1500,6
299,ON,Toronto,141 Park Home Avenue,Willowdale West,2888000.0,4+1,5,3500-5000,10
300,ON,Toronto,15 Woodcroft Crescent,Caledonia-Fairbank,735000.0,2,1,,3
301,ON,Toronto,34 Frimette Crescent,Rockcliffe-Smythe,1488000.0,3+1,4,,8
302,ON,Toronto,17 Woodcroft Crescent,Caledonia-Fairbank,735000.0,2,1,,3
303,ON,Toronto,15 Woodcroft Crescent,Caledonia-Fairbank,1470000.0,2,1,,3
304,ON,Toronto,93 Sandown Avenue,Birchcliffe-Cliffside,899000.0,3,2,1000-1500,5
305,ON,Toronto,157 Brookside Avenue,Runnymede-Bloor West Village,1499900.0,4,5,,9
306,ON,Toronto,17 Dynevor Road,Caledonia-Fairbank,1388000.0,4+1,3,,8
307,ON,Toronto,8 Burnhamhall Court,Islington-City Centre West,1599000.0,4,2,,6
308,ON,Toronto,29 Bendale Boulevard,Bendale,1800000.0,4,3,0-0,7
309,ON,Toronto,26 Alicewood Court,West Humber-Clairville,1250000.0,3,1,1000-1500,4
310,ON,Toronto,25 Amarillo Drive,Eglinton East,1088298.0,3+1,2,1000-1500,6
311,ON,Toronto,110 Acton Avenue,Bathurst Manor,1499000.0,3+3,3,,9
312,ON,Toronto,3 Nomad Crescent,Banbury-Don Mills,4398800.0,5+1,4,3500-5000,10
313,ON,Toronto,53 Rowntree Mill Road,Humber Summit,2999900.0,4,4,,8
314,ON,Toronto,35 Mansewood Gardens,West Hill,999999.0,3+1,4,,8
315,ON,Toronto,112 Munro Boulevard,St. Andrew-Windfields,4688000.0,5+2,7,,14
316,ON,Toronto,12 Davick Drive,Alderwood,1250000.0,3+1,3,,7
317,ON,Toronto,257 St Helens Avenue,Dufferin Grove,2888800.0,Apts-6 To 12 Units3600 sqft,Nan,0-0,0
318,ON,Toronto,527 Victoria Park Avenue,Oakridge,1887700.0,Land3500 sqft,Nan,0-0,0
319,ON,Toronto,2 Dornfell Street,Newtonbrook West,1488000.0,3+1,4,,8
320,ON,Toronto,80 Hubbard Boulevard,The Beaches,3699999.0,4+1,4,2500-3000,9
321,ON,Toronto,12 Stornoway Court,West Hill,2499000.0,4+2,5,3500-5000,11
322,ON,Toronto,9 Tadcaster Place,Banbury-Don Mills,1898000.0,3+1,2,,6
323,ON,Toronto,213 Park Lawn Road,Stonegate-Queensway,999000.0,3+2,4,1500-2000,9
324,ON,Toronto,21 Inwood Avenue,Danforth Village-East York,1199000.0,3+1,2,1000-1500,6
325,ON,Toronto,83 Stubbswood Square,Agincourt North,1499000.0,3+2,4,,9
326,ON,Toronto,6 Mosswood Lane,West Humber-Clairville,1099000.0,4,3,,7
327,ON,Toronto,60 Mammoth Hall Trail,Malvern,1299000.0,3+3,4,,10
328,ON,Toronto,1 Stanmills Road,Islington-City Centre West,1299000.0,3+2,4,,9
329,ON,Toronto,10 Hardwick Court,Eringate-Centennial-West Deane,1199000.0,3+2,2,1000-1500,7
330,ON,Toronto,2 Ovida Avenue,Islington-City Centre West,999000.0,3+1,1,,5
331,ON,Toronto,54 Bonnydon Crescent,Rouge E11,1488800.0,4+1,4,,9
332,ON,Toronto,409 Mcroberts Avenue,Caledonia-Fairbank,999000.0,2,2,,4
333,ON,Toronto,7 Ways Lane,Trinity-Bellwoods,1199000.0,2,1,,3
334,ON,Toronto,25 Gledhill Avenue,Woodbine-Lumsden,1800000.0,3,3,,6
335,ON,Toronto,25 Knowles Drive,Rouge E11,999000.0,3+1,4,,8
336,ON,Toronto,138 Nipigon Avenue,Newtonbrook East,1688000.0,3+2,2,,7
337,ON,Toronto,138 Nipigon Avenue,Newtonbrook East,1688000.0,3+2,2,,7
338,ON,Toronto,79 Forest Grove Drive,Bayview Village,6200000.0,4+1,3,,8
339,ON,Toronto,46 Great Oak Drive,Princess-Rosethorn,1900000.0,3+1,2,1500-2000,6
340,ON,Toronto,115 Cowan Avenue,South Parkdale,1599000.0,4+1,4,,9
341,ON,Toronto,1 Kane Avenue,Keelesdale-Eglinton West,898998.0,3,2,,5
342,ON,Toronto,50 Haverson Boulevard,Keelesdale-Eglinton West,1149900.0,2+1,2,,5
343,ON,Toronto,59 Brantley Crescent,York University Heights,1099900.0,3+1,3,,7
344,ON,Toronto,55 Tilson Road,Mount Pleasant East,3299000.0,4+1,5,2000-2500,10
345,ON,Toronto,20 Cannon Road,Stonegate-Queensway,1289000.0,3,2,1000-1500,5
346,ON,Toronto,92 Silverstone Drive,Mount Olive-Silverstone-Jamestown,1399000.0,3+2,2,,7
347,ON,Toronto,23 Drury Lane,Humber Heights,1399000.0,4+1,2,,7
348,ON,Toronto,14 Greenbrook Drive,Beechborough-Greenbrook,1449000.0,3,2,,5
349,ON,Toronto,48 Walsh Avenue,Humberlea-Pelmo Park W5,1299000.0,5+5,4,,14
350,ON,Toronto,220 Clonmore Drive,Birchcliffe-Cliffside,899000.0,3+1,2,1500-2000,6
351,ON,Toronto,111 Combe Avenue,Bathurst Manor,1499900.0,3+2,3,,8
352,ON,Toronto,2 Parkland Road,Birchcliffe-Cliffside,2849999.0,4+1,5,,10
353,ON,Toronto,141 Wilmington Avenue,Bathurst Manor,1499900.0,2+1,3,,6
354,ON,Toronto,19 Nortonville Drive,Tam O'Shanter-Sullivan,1199999.0,4,4,,8
355,ON,Toronto,76 Beechwood Avenue,Rockcliffe-Smythe,1099000.0,3,2,,5
356,ON,Toronto,102 Boultbee Avenue,Blake-Jones,999880.0,2+1,2,,5
357,ON,Toronto,5 True Davidson Drive,Leaside,4500000.0,4+1,6,3500-5000,11
358,ON,Toronto,28 Otter Crescent,Bedford Park-Nortown,2695000.0,3,3,,6
359,ON,Toronto,46 Myrtle Avenue,South Riverdale,1299000.0,3+1,3,,7
360,ON,Toronto,26 Manor Haven Road,Englemount-Lawrence,1549000.0,3,3,,6
361,ON,Toronto,370 Glencairn Avenue,Lawrence Park South,7799000.0,4+2,7,5000+,13
362,ON,Toronto,334 Woburn Avenue,Lawrence Park North,2695000.0,4+1,5,2500-3000,10
363,ON,Toronto,12 Monarchwood Crescent,Parkwoods-Donalda,1599000.0,4+1,4,1500-2000,9
364,ON,Toronto,113 Burndale Avenue,Lansing-Westgate,1995000.0,4,3,2000-2500,7
365,ON,Toronto,2 Rondeau Drive,Hillcrest Village,1699900.0,4+4,5,,13
366,ON,Toronto,6 Tranquil Drive,Etobicoke West Mall,1280000.0,3,2,,5
367,ON,Toronto,74 Citation Drive,Bayview Village,1999000.0,3+1,3,,7
368,ON,Toronto,72 Baycrest Avenue,Englemount-Lawrence,1450000.0,4+1,3,,8
369,ON,Toronto,166 Aldwych Avenue,Danforth Village-East York,1789000.0,5,3,,8
370,ON,Toronto,20 Bellbrook Road,L'Amoreaux,1810000.0,4+1,4,3000-3500,9
371,ON,Toronto,273 Finch Avenue E,Willowdale East,2100000.0,3+1,2,,6
372,ON,Toronto,10 Rosalind Crescent,Clairlea-Birchmount,1400000.0,3+1,3,,7
373,ON,Toronto,10 Kipling Grove Court,Princess-Rosethorn,2549000.0,3+1,5,3000-3500,9
374,ON,Toronto,35 Delwood Drive,Clairlea-Birchmount,1899000.0,4+1,4,,9
375,ON,Toronto,15 Gemini Road,Bayview Woods-Steeles,1999000.0,4+1,4,,9
376,ON,Toronto,1 Dempster Street,Tam O'Shanter-Sullivan,1400000.0,4+1,2,1500-2000,7
377,ON,Toronto,162 Hollywood Avenue,Willowdale East,3000000.0,4+1,5,,10
378,ON,Toronto,47 Aspenwood Drive,Hillcrest Village,2990000.0,5,4,5000+,9
379,ON,Toronto,75 Badgerow Avenue,South Riverdale,1449000.0,4+1,2,,7
380,ON,Toronto,232 Bellamy Road N,Eglinton East,3100000.0,2+1,1,,4
381,ON,Toronto,167 Hillmount Avenue,Englemount-Lawrence,1790000.0,3+1,2,,6
382,ON,Toronto,167 Hillmount Avenue,Englemount-Lawrence,1790000.0,3+1,2,,6
383,ON,Toronto,40 Barrydale Crescent,Banbury-Don Mills,2788000.0,4+1,4,,9
384,ON,Toronto,129 Edgewood Avenue,Woodbine Corridor,2499999.0,3,4,2500-3000,7
385,ON,Toronto,107 Cummer Avenue,Newtonbrook East,1845000.0,3+3,3,,9
386,ON,Toronto,37 Markland Drive,Markland Wood,1249000.0,3+1,3,1000-1500,7
387,ON,Toronto,501 Cosburn Avenue,Danforth Village-East York,998000.0,2+2,2,,6
388,ON,Toronto,21 Blaketon Road,Islington-City Centre West,3398800.0,4+1,5,5000+,10
389,ON,Toronto,141 Eaton Avenue,Danforth Village-East York,1175000.0,3,2,,5
390,ON,Toronto,422 Hounslow Avenue,Willowdale West,1829000.0,3,2,,5
391,ON,Toronto,125 Spring Garden Avenue,Willowdale East,1990000.0,4+1,5,,10
392,ON,Toronto,19 Forest Glen Crescent,Bridle Path-Sunnybrook-York Mills,5890000.0,2+1,3,3000-3500,6
393,ON,Toronto,246 Edenbridge Drive,Edenbridge-Humber Valley,3399999.0,4,5,3000-3500,9
394,ON,Toronto,52 Farmcrest Drive,Tam O'Shanter-Sullivan,1199900.0,3+2,2,0-0,7
395,ON,Toronto,15 Delroy Drive,Stonegate-Queensway,1498000.0,3+2,2,,7
396,ON,Toronto,5 Glasgow Avenue,Clairlea-Birchmount,1199000.0,5+2,2,1500-2000,9
397,ON,Toronto,266 Fisherville Road,Westminster-Branson,1498000.0,4+1,3,,8
398,ON,Toronto,30 Ferris Road,O'Connor-Parkview,1288000.0,3+2,2,,7
399,ON,Toronto,184 Yorkview Drive,Willowdale West,1800000.0,3,2,,5
400,ON,Toronto,57 Danville Drive,St. Andrew-Windfields,2399000.0,4+1,4,1500-2000,9
401,ON,Toronto,1113 St. Clarens Avenue,Corso Italia-Davenport,1849000.0,8,4,,12
402,ON,Toronto,34 Delhi Avenue,Bedford Park-Nortown,2049000.0,3,3,,6
403,ON,Toronto,20 Crown Park Road,The Beaches,3289000.0,7,3,2500-3000,10
404,ON,Toronto,36 Waringstown Drive,Wexford-Maryvale,1099000.0,3+1,2,,6
405,ON,Toronto,157 Old Forest Hill Road,Forest Hill North,2995000.0,3+1,–,,4
406,ON,Toronto,147 Kitchener Avenue,Caledonia-Fairbank,999000.0,2+1,4,0-0,7
407,ON,Toronto,1 Holborne Avenue,East York,2399000.0,4,5,,9
408,ON,Toronto,104 Kitchener Road,West Hill,1188888.0,3+1,4,,8
409,ON,Toronto,80 Avondale Avenue,Willowdale East,2349800.0,3+1,2,,6
410,ON,Toronto,203 Goulding Avenue,Newtonbrook West,1599000.0,3+2,2,,7
411,ON,Toronto,24 Mollard Road,Agincourt North,1188000.0,4+4,2,,10
412,ON,Toronto,89 Highhill Drive,Tam O'Shanter-Sullivan,999900.0,3+1,4,,8
413,ON,Toronto,81 Sabrina Drive,Willowridge-Martingrove-Richview,1199900.0,4+1,2,,7
414,ON,Toronto,20 Daisy Avenue,Long Branch,1999999.0,4,5,2000-2500,9
415,ON,Toronto,22 Maple Bush Avenue,Humberlea-Pelmo Park W4,998000.0,3,1,,4
416,ON,Toronto,723 Dupont Street,Dovercourt-Wallace Emerson-Junction,1549000.0,4,3,2000-2500,7
417,ON,Toronto,280 Derrydown Road,York University Heights,1000000.0,4+2,2,,8
418,ON,Toronto,48 Hollywood Crescent,Woodbine Corridor,1699000.0,3,3,,6
419,ON,Toronto,90 Ellington Drive,Wexford-Maryvale,999900.0,3,2,,5
420,ON,Toronto,177 Delhi Avenue,Lansing-Westgate,2595000.0,5+1,4,3000-3500,10
421,ON,Toronto,32 Glen Belle Crescent,Yorkdale-Glen Park,1495000.0,3+2,2,,7
422,ON,Toronto,93 Merkley Square,Morningside,1099000.0,4+1,3,,8
423,ON,Toronto,838 Sammon Avenue,Danforth Village-East York,1499000.0,3+1,4,,8
424,ON,Toronto,49 Marion Street,Roncesvalles,1450000.0,6+2,3,,11
425,ON,Toronto,56 Courton Drive,Wexford-Maryvale,1298800.0,5+1,3,,9
426,ON,Toronto,171 South Kingsway Avenue,High Park-Swansea,2649900.0,4,4,,8
427,ON,Toronto,4 Armstrong Avenue,Dovercourt-Wallace Emerson-Junction,1990000.0,3+2,3,,8
428,ON,Toronto,40 Tanbark Crescent,Banbury-Don Mills,2688000.0,4+1,5,3000-3500,10
429,ON,Toronto,32 Mossgrove Trail,St. Andrew-Windfields,2799900.0,5+2,4,,11
430,ON,Toronto,3 Lawndale Road,Scarborough Village,2390000.0,4+1,4,3000-3500,9
431,ON,Toronto,79 Brookhaven Drive,Brookhaven-Amesbury,1590000.0,3+1,3,2000-2500,7
432,ON,Toronto,29 Moore Park Avenue,Newtonbrook West,1885000.0,5+2,4,1000-1500,11
433,ON,Toronto,70 Moberly Avenue,Woodbine Corridor,799000.0,3,1,,4
434,ON,Toronto,18 Clyde Road,Centennial Scarborough,1699000.0,4+3,5,3500-5000,12
435,ON,Toronto,189 Bellamy Road N,Woburn,990000.0,3+2,2,,7
436,ON,Toronto,184 Goulding Avenue,Newtonbrook West,1588000.0,4+2,3,,9
437,ON,Toronto,91 Cadorna Avenue,Danforth Village-East York,2499999.0,5+1,6,,12
438,ON,Toronto,73 Bonnyview Drive,Stonegate-Queensway,3488000.0,4+2,5,3000-3500,11
439,ON,Toronto,139 Homewood Avenue,Newtonbrook West,2298800.0,3,2,,5
440,ON,Toronto,3 Jodphur Avenue,Humberlea-Pelmo Park W5,1299900.0,3+3,3,,9
441,ON,Toronto,1 Tanvalley Court,Banbury-Don Mills,5999000.0,4,6,5000+,10
442,ON,Toronto,806 Indian Road,Junction Area,1790000.0,5,4,0-0,9
443,ON,Toronto,2980 Weston Road,Humberlea-Pelmo Park W5,1299000.0,3+2,4,2500-3000,9
444,ON,Toronto,23 Davistow Crescent,Mount Olive-Silverstone-Jamestown,1598900.0,4+1,3,1500-2000,8
445,ON,Toronto,18 Wimpole Drive,St. Andrew-Windfields,5750000.0,4+2,7,,13
446,ON,Toronto,18 Charleston Road,Islington-City Centre West,2995000.0,4+1,5,,10
447,ON,Toronto,181 Jeffcoat Drive,West Humber-Clairville,1230000.0,3+2,3,0-0,8
448,ON,Toronto,81 Burncrest Drive,Bedford Park-Nortown,1699000.0,3,2,,5
449,ON,Toronto,172 Maplehurst Avenue,Willowdale East,5288000.0,4+2,7,,13
450,ON,Toronto,1259 Dufferin Street,Dovercourt-Wallace Emerson-Junction,1399000.0,9+3,4,,16
451,ON,Toronto,126 Church Avenue,Willowdale East,4529000.0,4+2,6,5000+,12
452,ON,Toronto,20 York Valley Crescent,Bridle Path-Sunnybrook-York Mills,6999988.0,4,4,0-0,8
453,ON,Toronto,128 Harewood Avenue,Cliffcrest,998800.0,3,2,,5
454,ON,Toronto,3 Warlock Crescent,Bayview Woods-Steeles,1860000.0,3+2,3,2500-3000,8
455,ON,Toronto,11 Elder Street W,Bathurst Manor,1699000.0,3+1,2,1000-1500,6
456,ON,Toronto,19 High Point Road,Bridle Path-Sunnybrook-York Mills,25000000.0,6+2,14,,22
457,ON,Toronto,2509 Dufferin Street,Briar Hill-Belgravia,999999.0,2+2,2,1000-1500,6
458,ON,Toronto,350 Lake Promenade,Long Branch,2499999.0,3+2,2,1000-1500,7
459,ON,Toronto,523 Vesta Drive,Forest Hill South,6088800.0,4+1,7,,12
460,ON,Toronto,54 Cassis Drive,West Humber-Clairville,1099000.0,3+1,3,,7
461,ON,Toronto,38 Cresthaven Drive,Hillcrest Village,1950000.0,4+2,4,,10
462,ON,Toronto,2 Park Lane,Stonegate-Queensway,1100000.0,2+2,2,,6
463,ON,Toronto,24 Newdawn Crescent,Agincourt North,1399000.0,3+2,4,1500-2000,9
464,ON,Toronto,62 Pleasant View Drive,Pleasant View,1488000.0,3+2,3,,8
465,ON,Toronto,24 Puckeridge Crescent,Eringate-Centennial-West Deane,2999999.0,5+2,4,,11
466,ON,Toronto,36 Bannatyne Drive,St. Andrew-Windfields,1.0,4,3,,7
467,ON,Toronto,22 Thames Avenue,Alderwood,1450000.0,3,2,1000-1500,5
468,ON,Toronto,37 Freemon Redmon Circle,Wexford-Maryvale,1575000.0,4,5,0-0,9
469,ON,Toronto,23 Brookdale Avenue,Lawrence Park North,1949000.0,3+2,3,1500-2000,8
470,ON,Toronto,116 Elmcrest Road,Eringate-Centennial-West Deane,1898900.0,3+2,2,,7
471,ON,Toronto,426 Brunswick Avenue,Annex,4199000.0,9+3,6,3500-5000,18
472,ON,Toronto,6 Birrell Avenue,Rouge E11,1585000.0,4+2,4,,10
473,ON,Toronto,1267 Royal York Road,Edenbridge-Humber Valley,2890000.0,2+1,2,1500-2000,5
474,ON,Toronto,166 Cummer Avenue,Newtonbrook East,3250000.0,4,4,,8
475,ON,Toronto,64 Deep Dene Drive,Highland Creek,1299999.0,3,2,,5
476,ON,Toronto,42 Grangemill Crescent,Banbury-Don Mills,3988000.0,5+1,6,,12
477,ON,Toronto,96 Bannockburn Avenue,Bedford Park-Nortown,4390000.0,4+1,6,,11
478,ON,Toronto,56 Houston Crescent,Don Valley Village,1368000.0,3,2,,5
479,ON,Toronto,950 Glencairn Avenue,Yorkdale-Glen Park,1550000.0,3,3,1500-2000,6
480,ON,Toronto,171 Roxborough Drive,Rosedale-Moore Park,8995000.0,5+2,7,5000+,14
481,ON,Toronto,4 Fleetwell Court,Willowdale West,1880000.0,3+4,3,,10
482,ON,Toronto,130 Rowntree Mill Road,Humber Summit,2299900.0,–,–,,0
483,ON,Toronto,31 Sparrow Avenue,Yorkdale-Glen Park,1599000.0,3+1,2,,6
484,ON,Toronto,21 Kenworthy Avenue,Oakridge,1079000.0,2,3,,5
485,ON,Toronto,63 Cleveland Street,Mount Pleasant East,1399000.0,2,2,,4
486,ON,Toronto,17 Farrell Avenue,Willowdale West,4495000.0,4+2,6,,12
487,ON,Toronto,119 Fieldwood Drive,Milliken,1088000.0,3+2,4,,9
488,ON,Toronto,52 Athabaska Avenue,Newtonbrook East,1480000.0,3+2,3,,8
489,ON,Toronto,4675 Dundas Street W,Kingsway South,2800000.0,4,6,2500-3000,10
490,ON,Toronto,216 Elmhurst Avenue,Lansing-Westgate,1500000.0,2+1,1,,4
491,ON,Toronto,548 Northcliffe Boulevard,Oakwood-Vaughan,998000.0,3+1,2,,6
492,ON,Toronto,22 Prince George Drive,Princess-Rosethorn,4398000.0,4+1,5,,10
493,ON,Toronto,62 Fairmeadow Avenue,St. Andrew-Windfields,3888000.0,4+2,6,,12
494,ON,Toronto,6 Rangeley Drive,Rouge E11,1300000.0,3+1,4,1500-2000,8
495,ON,Toronto,31 Poyntz Avenue,Lansing-Westgate,1799000.0,3,2,,5
496,ON,Toronto,4 Puckeridge Crescent,Eringate-Centennial-West Deane,1299000.0,3,2,,5
497,ON,Toronto,185 Steeles Avenue E,Newtonbrook East,1788000.0,4+2,5,,11
498,ON,Toronto,983 Dovercourt Road,Dovercourt-Wallace Emerson-Junction,1599000.0,–,3,,3
499,ON,Toronto,37 Clifton Avenue,Bathurst Manor,1799000.0,3+4,4,,11
500,ON,Toronto,305 Warden Avenue,Birchcliffe-Cliffside,1075000.0,2+1,2,,5
501,ON,Toronto,625 Beresford Avenue,Runnymede-Bloor West Village,1798000.0,3,2,1500-2000,5
502,ON,Toronto,625 Beresford Avenue,Runnymede-Bloor West Village,1798000.0,3,2,1500-2000,5
503,ON,Toronto,85 Calverley Trail,Highland Creek,1788800.0,4,3,,7
504,ON,Toronto,5 Deanvar Avenue,Wexford-Maryvale,1399000.0,4+2,5,3000-3500,11
505,ON,Toronto,7 Radford Avenue,High Park-Swansea,1099900.0,3,2,,5
506,ON,Toronto,10 Stanley Greene Boulevard,Downsview-Roding-CFB,1999888.0,4+2,6,0-0,12
507,ON,Toronto,16 Cronin Drive,Islington-City Centre West,1749800.0,3+1,2,,6
508,ON,Toronto,80 Gracefield Avenue,Maple Leaf,1798000.0,4+1,4,,9
509,ON,Toronto,38 York Road,Bridle Path-Sunnybrook-York Mills,7995000.0,5+1,7,,13
510,ON,Toronto,35 Chaplin Crescent,Yonge-Eglinton,2800000.0,4,2,2500-3000,6
511,ON,Toronto,53 Harrison Road,St. Andrew-Windfields,5695000.0,5+1,6,3500-5000,12
512,ON,Toronto,31 Blue Springs Road,Maple Leaf,2799900.0,4+1,6,3500-5000,11
513,ON,Toronto,2 Dignam Court,Bendale,1259000.0,3+3,2,,8
514,ON,Toronto,16 Knollview Crescent,Bayview Village,2580000.0,–,1,0-0,1
515,ON,Toronto,6 Harrison Road,St. Andrew-Windfields,3688000.0,4,3,,7
516,ON,Toronto,125 Highland Crescent,Bridle Path-Sunnybrook-York Mills,4790000.0,4+2,4,,10
517,ON,Toronto,19 Woodcliff Place,Banbury-Don Mills,1599000.0,3+1,3,,7
518,ON,Toronto,193 Holmes Avenue,Willowdale East,2488000.0,5+1,5,3000-3500,11
519,ON,Toronto,55 Colin Avenue,Yonge-Eglinton,4875000.0,4+1,6,3500-5000,11
520,ON,Toronto,38 Bathford Crescent,Bayview Village,1728000.0,3+2,2,,7
521,ON,Toronto,77 Milford Haven Drive,Morningside,988800.0,4,2,,6
522,ON,Toronto,484 Drewry Avenue,Newtonbrook West,1549000.0,3+4,3,,10
523,ON,Toronto,54 Savona Drive,Alderwood,1295000.0,3+1,2,1000-1500,6
524,ON,Toronto,147 Pemberton Avenue,Newtonbrook East,1499000.0,2+2,2,,6
525,ON,Toronto,218 Drewry Avenue,Newtonbrook West,1690000.0,4+1,3,,8
526,ON,Toronto,89 Ellsworth Avenue,Wychwood,2799000.0,4,4,3500-5000,8
527,ON,Toronto,44 Stanley Greene Boulevard,Downsview-Roding-CFB,2100000.0,4,4,,8
528,ON,Toronto,18 Roycrest Avenue,Lansing-Westgate,4150000.0,4+1,7,,12
529,ON,Toronto,116 Via Cassia Drive,Brookhaven-Amesbury,1230000.0,3+1,4,,8
530,ON,Toronto,328 Warren Road,Forest Hill South,2585000.0,3+1,3,,7
531,ON,Toronto,184 Parkview Hill Crescent,O'Connor-Parkview,2990000.0,5+4,4,2500-3000,13
532,ON,Toronto,312 Hendon Avenue,Newtonbrook West,2150000.0,3+3,3,,9
533,ON,Toronto,45 Northwood Drive,Newtonbrook East,1888000.0,3+1,2,,6
534,ON,Toronto,17 Avonlea Boulevard,East End-Danforth,1275000.0,2+1,2,0-0,5
535,ON,Toronto,94 Binscarth Road,Rosedale-Moore Park,6795000.0,5+1,5,3500-5000,11
536,ON,Toronto,393 Parkview Avenue,Willowdale East,2699000.0,4+2,4,,10
537,ON,Toronto,32 Heathview Avenue,Bayview Village,2980000.0,3+1,3,,7
538,ON,Toronto,46 Leroy Avenue,Danforth Village-East York,2299900.0,3,2,,5
539,ON,Toronto,53 Cobden Street,Willowdale West,1788000.0,3+1,2,,6
540,ON,Toronto,49 Montclair Avenue,Forest Hill South,3888000.0,4,5,3000-3500,9
541,ON,Toronto,18 Viamede Crescent,Bayview Village,4380000.0,4+2,7,5000+,13
542,ON,Toronto,15 Blaine Drive,Banbury-Don Mills,7900000.0,5+1,8,,14
543,ON,Toronto,3 Hartleywood Drive,Agincourt North,1288000.0,4,3,,7
544,ON,Toronto,24 Morbank Drive,Steeles,1989999.0,4+3,5,,12
545,ON,Toronto,65 De Vere Gardens,Bedford Park-Nortown,6488000.0,4,5,3500-5000,9
546,ON,Toronto,42 Lady Sarah Crescent,Agincourt North,1585588.0,4+2,4,,10
547,ON,Toronto,82 Annette Street,Junction Area,1899000.0,3+1,4,1000-1500,8
548,ON,Toronto,82 Main Street,East End-Danforth,950000.0,3,2,,5
549,ON,Toronto,142 Upper Canada Drive,St. Andrew-Windfields,4480000.0,4+1,6,,11
550,ON,Toronto,24 Dunraven Drive,Keelesdale-Eglinton West,999000.0,3+1,2,,6
551,ON,Toronto,2 Geranium Court,Newtonbrook East,2988888.0,5+1,7,,13
552,ON,Toronto,103 Burndale Avenue,Lansing-Westgate,3488000.0,4+1,6,3500-5000,11
553,ON,Toronto,41 Finch Avenue W,Willowdale West,2898000.0,3+1,3,,7
554,ON,Toronto,157 Cottonwood Drive,Banbury-Don Mills,2588000.0,5+3,3,,11
555,ON,Toronto,283 Chisholm Avenue,Woodbine-Lumsden,997500.0,2,2,0-0,4
556,ON,Toronto,123 Burbank Drive,Bayview Village,3185000.0,2+2,3,0-0,7
557,ON,Toronto,295 Pleasant Avenue,Newtonbrook West,1728000.0,3+3,2,,8
558,ON,Toronto,259 Oakwood Avenue,Oakwood-Vaughan,3695000.0,9+1,7,,17
559,ON,Toronto,75 Shilton Road,Agincourt South-Malvern West,1699900.0,4+2,3,,9
560,ON,Toronto,48 Dundonald Street,Church-Yonge Corridor,3000000.0,4+1,3,,8
561,ON,Toronto,354 Burnhamthorpe Road,Islington-City Centre West,1399999.0,3+2,2,0-0,7
562,ON,Toronto,205 Greenfield Avenue,Willowdale East,3750000.0,5,6,3500-5000,11
563,ON,Toronto,330 Douglas Avenue,Bedford Park-Nortown,3199000.0,4+1,5,0-0,10
564,ON,Toronto,223 Oakwood Avenue,Oakwood-Vaughan,1000000.0,4,2,1500-2000,6
565,ON,Toronto,255 Prescott Avenue E,Weston-Pellam Park,1100000.0,4+1,3,,8
566,ON,Toronto,156 Waterloo Avenue,Bathurst Manor,2880000.0,4+1,6,0-0,11
567,ON,Toronto,29 Dewbourne Avenue,Forest Hill South,2750000.0,4+1,4,,9
568,ON,Toronto,23 Caddy Drive,Woburn,1895000.0,5+2,6,,13
569,ON,Toronto,224 Lawrence Avenue E,Bridle Path-Sunnybrook-York Mills,2800000.0,4+1,5,,10
570,ON,Toronto,64 Ravenscroft Circle,Bayview Village,2520000.0,3+1,3,,7
571,ON,Toronto,5 Elmsthorpe Avenue,Forest Hill South,3580000.0,3+2,5,2500-3000,10
572,ON,Toronto,57 Hopperton Drive,St. Andrew-Windfields,2999800.0,5+2,5,3500-5000,12
573,ON,Toronto,5 Norden Crescent,Banbury-Don Mills,4238000.0,4+2,6,3500-5000,12
574,ON,Toronto,15 Montford Drive,Willowdale East,4399998.0,4+1,7,3500-5000,12
575,ON,Toronto,4 Lovering Road,L'Amoreaux,1299000.0,3,2,,5
576,ON,Toronto,31 Holita Road,Newtonbrook West,2699999.0,4+1,5,3500-5000,10
577,ON,Toronto,164 Church Avenue,Willowdale East,3499900.0,4+1,6,3500-5000,11
578,ON,Toronto,132 Burbank Drive,Bayview Village,5488800.0,4+2,7,5000+,13
579,ON,Toronto,216 Indian Road,High Park-Swansea,2999000.0,6+1,5,,12
580,ON,Toronto,100 Brenda Crescent,Kennedy Park,1475000.0,2+1,2,,5
581,ON,Toronto,26 Fairfield Road,Mount Pleasant East,3398000.0,4+1,4,2000-2500,9
582,ON,Toronto,222 William Street,Weston,3890000.0,3+1,2,,6
583,ON,Toronto,554 Westmount Avenue,Oakwood-Vaughan,1889000.0,3+2,3,1500-2000,8
584,ON,Toronto,140 Rusholme Road,Dufferin Grove,2199000.0,4+2,4,,10
585,ON,Toronto,3 Rhodes Avenue,Greenwood-Coxwell,2880000.0,Residential6400 sqft,Nan,0-0,0
586,ON,Toronto,98 Preston Street,Birchcliffe-Cliffside,1599900.0,4+1,4,2500-3000,9
587,ON,Toronto,213 Major Street,University,2998000.0,7,3,,10
588,ON,Toronto,216 Clonmore Drive,Birchcliffe-Cliffside,1125000.0,2+1,2,,5
589,ON,Toronto,36 Burncrest Drive,Bedford Park-Nortown,2100000.0,2+2,2,,6
590,ON,Toronto,1967 Dundas Street,Woodbine Corridor,3600.0,3,3,0-500,6
591,ON,Toronto,14 Franklin Avenue,Lansing-Westgate,1399000.0,2+1,2,,5
592,ON,Toronto,4 Donino Court,Bridle Path-Sunnybrook-York Mills,6800000.0,5+1,7,,13
593,ON,Toronto,32 Brookfield Road,Bridle Path-Sunnybrook-York Mills,5590000.0,4,5,5000+,9
594,ON,Toronto,289 Burnett Avenue,Lansing-Westgate,1998000.0,3+1,3,1000-1500,7
595,ON,Toronto,184 Hendon Avenue,Newtonbrook West,1688000.0,3+1,2,,6
596,ON,Toronto,374 Joicey Boulevard,Bedford Park-Nortown,1780000.0,2,2,1500-2000,4
597,ON,Toronto,183 Yorkview Drive,Willowdale West,1688000.0,3+4,3,,10
598,ON,Toronto,31 Northdale Road,St. Andrew-Windfields,3699000.0,3,3,2000-2500,6
599,ON,Toronto,11 Tottenham Road,Banbury-Don Mills,4188800.0,4+2,5,3500-5000,11
600,ON,Toronto,31 Queensgrove Road,Birchcliffe-Cliffside,2128000.0,2+2,2,,6
601,ON,Toronto,66 Dorval Road,High Park North,1898000.0,3+1,3,,7
602,ON,Toronto,118 Claremont Street,Trinity-Bellwoods,7750000.0,6,6,5000+,12
603,ON,Toronto,89 Thirteenth Street,New Toronto,1485000.0,2,1,,3
604,ON,Toronto,313 Sheppard Avenue E,Willowdale East,3848800.0,3+2,3,1500-2000,8
605,ON,Toronto,105 Lexington Avenue,West Humber-Clairville,1299979.0,4+2,3,,9
606,ON,Toronto,3353 Danforth Avenue,Oakridge,2590000.0,Service Related5000 sqft,Nan,0-0,0
607,ON,Toronto,69 South Kingsway,High Park-Swansea,6680000.0,4+3,8,5000+,15
608,ON,Toronto,114 Cluny Drive,Rosedale-Moore Park,5495000.0,5,4,3500-5000,9
609,ON,Toronto,103 River Street,Regent Park,2350000.0,Investment2701 sqft,Nan,0-0,0
610,ON,Toronto,60 Russett Avenue,Dovercourt-Wallace Emerson-Junction,1880000.0,4+1,3,1500-2000,8
611,ON,Toronto,12 Pretoria Avenue,Playter Estates-Danforth,2399000.0,3,4,,7
612,ON,Toronto,52 Alamosa Drive,Bayview Village,2598000.0,3+2,3,,8
613,ON,Toronto,89 Lynvalley Crescent,Wexford-Maryvale,1799000.0,3+1,4,0-0,8
614,ON,Toronto,122 Lawrence Avenue E,Lawrence Park North,2650000.0,3+1,3,,7
615,ON,Toronto,2 Plumbstead Court,Princess-Rosethorn,2995000.0,2+1,3,1500-2000,6
616,ON,Toronto,215 Harlandale Avenue,Willowdale West,3190000.0,4+2,5,3000-3500,11
617,ON,Toronto,3 Oakley Place,St. Andrew-Windfields,6480000.0,4+2,6,3500-5000,12
618,ON,Toronto,11 Donna Court,Newtonbrook East,2088000.0,4+1,3,,8
619,ON,Toronto,19 Viamede Crescent,Bayview Village,7200000.0,4+1,7,,12
620,ON,Toronto,63 Gerald Street,St. Andrew-Windfields,4888000.0,4+1,8,5000+,13
621,ON,Toronto,325 Wilfred Avenue,Willowdale East,2888000.0,4+1,5,3000-3500,10
622,ON,Toronto,260 Glenholme Avenue,Oakwood-Vaughan,1388000.0,7+2,4,1500-2000,13
623,ON,Toronto,212 Broadway Avenue,Mount Pleasant East,1798000.0,3+1,2,,6
624,ON,Toronto,1069 College Street,Little Portugal,1888000.0,3+1,5,,9
625,ON,Toronto,77 Norton Avenue,Willowdale East,2699000.0,3,3,0-0,6
626,ON,Toronto,103 Buckingham Avenue,Bridle Path-Sunnybrook-York Mills,5495000.0,3+1,5,3000-3500,9
627,ON,Toronto,46 Atlas Avenue,Oakwood-Vaughan,1749000.0,4+1,4,,9
628,ON,Toronto,365 Greenfield Avenue,Willowdale East,2488000.0,6+2,5,3500-5000,13
629,ON,Toronto,127 Overland Drive,Banbury-Don Mills,3688800.0,4+1,5,3000-3500,10
630,ON,Toronto,15 D'arcy Street,Kensington-Chinatown,2949000.0,8+3,4,3000-3500,15
631,ON,Toronto,103 Zaph Avenue,Highland Creek,1999990.0,4+2,5,3500-5000,11
632,ON,Toronto,40 Leadale Avenue,Leaside,2880000.0,4,5,,9
633,ON,Toronto,42 Kingland Crescent,Don Valley Village,2888000.0,6+4,7,,17
634,ON,Toronto,41 Cornerbrook Drive,Parkwoods-Donalda,1800000.0,2+1,4,0-0,7
635,ON,Toronto,46 Teddington Park Avenue,Lawrence Park North,14980000.0,5+2,9,5000+,16
636,ON,Toronto,174 Redgrave Drive,Willowridge-Martingrove-Richview,1500000.0,4,3,2000-2500,7
637,ON,Toronto,189 Glenview Avenue,Lawrence Park South,3798000.0,4+1,5,0-0,10
638,ON,Toronto,221 Willowdale Avenue,Willowdale East,3688000.0,4+3,6,3500-5000,13
639,ON,Toronto,130 Eaton Avenue,Danforth Village-East York,2699000.0,3+1,5,2000-2500,9
640,ON,Toronto,215 Forest Hill Road,Forest Hill South,8478000.0,3+2,5,3000-3500,10
641,ON,Toronto,306 Dawlish Avenue,Bridle Path-Sunnybrook-York Mills,3990000.0,3,2,,5
642,ON,Toronto,280 Princess Avenue,Willowdale East,4298000.0,4+1,7,3500-5000,12
643,ON,Toronto,18 Palomino Crescent,Bayview Village,4988000.0,4+1,7,3500-5000,12
644,ON,Toronto,43 Rowallan Drive,West Hill,899999.0,2+2,3,,7
645,ON,Toronto,7 Irvington Crescent,Willowdale East,1600000.0,3,2,0-0,5
646,ON,Toronto,72 Rowanwood Avenue,Rosedale-Moore Park,7395000.0,4+1,5,,10
647,ON,Toronto,477 Jane Street,Runnymede-Bloor West Village,1350000.0,3+1,2,,6
648,ON,Toronto,128 Sherwood Avenue,Mount Pleasant West,4349000.0,3,4,3000-3500,7
649,ON,Toronto,27 Lynwood Avenue,Casa Loma,5850000.0,5,5,5000+,10
650,ON,Toronto,6355 Kingston Road,Highland Creek,1768000.0,4+1,3,,8
651,ON,Toronto,50 Lynnhaven Road,Englemount-Lawrence,2590000.0,4+3,7,,14
652,ON,Toronto,146 Madison Avenue,Annex,4000000.0,6+1,5,3000-3500,12
653,ON,Toronto,3952 Bloor Street W,Islington-City Centre West,1779000.0,3+2,2,1000-1500,7
654,ON,Toronto,3952 Bloor Street W,Islington-City Centre West,1779000.0,3+2,2,1000-1500,7
655,ON,Toronto,69 North Edgely Avenue,Clairlea-Birchmount,1599000.0,4+1,4,2000-2500,9
656,ON,Toronto,276 Lanor Avenue,Alderwood,2088000.0,3+1,2,,6
657,ON,Toronto,112 Harding Boulevard,Birchcliffe-Cliffside,1449000.0,3+2,4,,9
658,ON,Toronto,7 Abbeywood Trail,Banbury-Don Mills,3290000.0,4+1,4,,9
659,ON,Toronto,94 Douglas Crescent,Leaside,3499900.0,3+1,4,3000-3500,8
660,ON,Toronto,211 Glencairn Avenue,Lawrence Park South,11500000.0,5+1,8,5000+,14
661,ON,Toronto,1 Waring Court,Willowdale East,4399000.0,4+1,7,3500-5000,12
662,ON,Toronto,663 Eglinton Avenue E,Leaside,2299000.0,3+1,2,,6
663,ON,Toronto,205 Prince Edward Drive S,Stonegate-Queensway,2188000.0,3,2,,5
664,ON,Toronto,772 O'connor Drive,O'Connor-Parkview,1699000.0,4+1,4,2000-2500,9
665,ON,Toronto,150 Viewmount Avenue,Englemount-Lawrence,2395000.0,4+2,3,,9
666,ON,Toronto,57 Anndale Drive,Willowdale East,2350000.0,3+1,3,,7
667,ON,Toronto,12 Pembury Avenue W,Bridle Path-Sunnybrook-York Mills,4950000.0,4+1,7,3500-5000,12
668,ON,Toronto,201 Burnhamthorpe Road,Islington-City Centre West,3795000.0,5+1,6,,12
669,ON,Toronto,14 Norby Crescent,Willowridge-Martingrove-Richview,2249000.0,3+3,3,,9
670,ON,Toronto,4073 Ellesmere Road,Highland Creek,1500000.0,3+2,2,,7
671,ON,Toronto,378 Fairlawn Avenue,Bedford Park-Nortown,10888000.0,Store W/apt/office7600 sqft,Nan,0-0,0
672,ON,Toronto,191 Parkview Avenue,Willowdale East,3899000.0,4+2,5,3500-5000,11
673,ON,Toronto,9 Post Road,Bridle Path-Sunnybrook-York Mills,7995000.0,7+1,10,,18
674,ON,Toronto,23 Haig Avenue,Birchcliffe-Cliffside,2299000.0,4+1,5,,10
675,ON,Toronto,1163 Broadview Avenue,Broadview North,1518888.0,3+1,2,,6
676,ON,Toronto,456 Roehampton Avenue,Mount Pleasant East,2180000.0,3+1,3,,7
677,ON,Toronto,174 Holmes Avenue,Willowdale East,3980000.0,4+1,7,3500-5000,12
678,ON,Toronto,7 Maureen Drive,Bayview Village,2780000.0,3+1,3,,7
679,ON,Toronto,9 Barrydale Crescent,Banbury-Don Mills,3399000.0,5,4,,9
680,ON,Toronto,65 Glenshaw Crescent,O'Connor-Parkview,2849000.0,4,5,2500-3000,9
681,ON,Toronto,342 Moore Park Avenue,Newtonbrook West,1799000.0,3+3,2,,8
682,ON,Toronto,10 Berkindale Drive,St. Andrew-Windfields,9500000.0,5+2,10,5000+,17
683,ON,Toronto,91 Glencrest Boulevard,O'Connor-Parkview,1649900.0,4+2,4,,10
684,ON,Toronto,46 Winlock Park,Newtonbrook East,2690000.0,4+2,4,3000-3500,10
685,ON,Toronto,20 Daniel Cozens Court,Newtonbrook West,3599000.0,5+1,7,3500-5000,13
686,ON,Toronto,216 Yonge Boulevard,Bedford Park-Nortown,4399000.0,4+1,7,3500-5000,12
687,ON,Toronto,78 Chudleigh Avenue,Lawrence Park South,3195000.0,4+1,4,0-0,9
688,ON,Toronto,39 Bayview Ridge,Bridle Path-Sunnybrook-York Mills,11900000.0,4+1,7,,12
689,ON,Toronto,64 Lockerbie Avenue,Humberlea-Pelmo Park W4,1388000.0,3,1,,4
690,ON,Toronto,78 Arjay Crescent,Bridle Path-Sunnybrook-York Mills,7495000.0,4,5,,9
691,ON,Toronto,597 Mcroberts Avenue,Caledonia-Fairbank,1999900.0,4,5,0-0,9
692,ON,Toronto,595 Mcroberts Avenue,Caledonia-Fairbank,1999900.0,4,5,0-0,9
693,ON,Toronto,2 Carnwath Crescent,St. Andrew-Windfields,6490000.0,5+1,9,0-0,15
694,ON,Toronto,8 Crete Court,Bridle Path-Sunnybrook-York Mills,7880000.0,4+2,5,5000+,11
695,ON,Toronto,67 Pembroke Street,Moss Park,2995000.0,6+1,4,3500-5000,11
696,ON,Toronto,18 Arran Crescent,Newtonbrook East,1998800.0,4+2,4,,10
697,ON,Toronto,2220 Warden Avenue,Tam O'Shanter-Sullivan,8800000.0,3,2,,5
698,ON,Toronto,77 Fairholme Avenue,Englemount-Lawrence,3049000.0,5+2,7,,14
699,ON,Toronto,61 Balmoral Avenue,Yonge-St. Clair,4495000.0,4,5,0-0,9
700,ON,Toronto,104 Argyle Street,Trinity-Bellwoods,6600000.0,4+1,7,5000+,12
701,ON,Toronto,157 Beechwood Avenue,St. Andrew-Windfields,6288000.0,4+2,7,,13
702,ON,Toronto,15 Castle Frank Crescent,Rosedale-Moore Park,5956000.0,4+1,5,3500-5000,10
703,ON,Toronto,5 Alamosa Drive,Bayview Village,2698000.0,3+3,4,,10
704,ON,Toronto,41 Wineva Avenue,The Beaches,3600000.0,8+1,4,,13
705,ON,Toronto,15 Purling Place,Banbury-Don Mills,11900000.0,5+1,9,0-0,15
706,ON,Toronto,9 Dora Avenue,Dufferin Grove,1275000.0,3+1,4,,8
707,ON,Toronto,260 Concord Avenue,Dufferin Grove,2395000.0,5+1,4,2500-3000,10
708,ON,Toronto,37 Alvin Avenue,Rosedale-Moore Park,3995000.0,2,4,2500-3000,6
709,ON,Toronto,4284 Lawrence Avenue E,West Hill,2100000.0,3+2,2,,7
710,ON,Toronto,23 Shouldice Court,St. Andrew-Windfields,2680000.0,4+1,3,,8
711,ON,Toronto,393 Maple Leaf Drive,Maple Leaf,2999000.0,4,3,3500-5000,7
712,ON,Toronto,261 Finch Avenue E,Willowdale East,1888000.0,3+2,3,,8
713,ON,Toronto,22 Lytton Boulevard,Lawrence Park South,3700000.0,5,4,,9
714,ON,Toronto,23 Woodfield Road,Greenwood-Coxwell,2395000.0,3+1,4,2000-2500,8
715,ON,Toronto,11 Riverside Crescent,High Park-Swansea,6495000.0,4+1,5,3000-3500,10
716,ON,Toronto,298 Aylesworth Avenue,Birchcliffe-Cliffside,1538000.0,3,4,0-0,7
717,ON,Toronto,6 Leafield Drive S,L'Amoreaux,2680000.0,3+1,3,1500-2000,7
718,ON,Toronto,42 Greenbrook Drive,Beechborough-Greenbrook,3198000.0,4+2,6,,12
719,ON,Toronto,108 Wimbleton Road,Edenbridge-Humber Valley,3198000.0,4,4,2500-3000,8
720,ON,Toronto,11 Purling Place,Banbury-Don Mills,9880000.0,5+1,9,5000+,15
721,ON,Toronto,73 Hocken Avenue,Wychwood,1738000.0,2+1,1,0-0,4
722,ON,Toronto,604 Oakwood Avenue,Oakwood-Vaughan,1230000.0,Store W/apt/office1068 sqft,Nan,0-0,0
723,ON,Toronto,11 Lamport Avenue,Rosedale-Moore Park,5900000.0,5,4,3000-3500,9
724,ON,Toronto,40 Rykert Crescent,Leaside,4289000.0,5,4,,9
725,ON,Toronto,12 Roycrest Avenue,Lansing-Westgate,2195000.0,3+1,3,,7
726,ON,Toronto,101 Government Road,Kingsway South,3650000.0,4+1,5,3000-3500,10
727,ON,Toronto,117 Balsam Avenue,The Beaches,3849000.0,4+1,4,,9
728,ON,Toronto,43 Wanless Crescent,Lawrence Park South,3600000.0,4+1,6,3500-5000,11
729,ON,Toronto,264 Milan Street,Moss Park,2200000.0,2+1,5,,8
730,ON,Toronto,39 The Bridle Path,Bridle Path-Sunnybrook-York Mills,9495000.0,4+1,6,,11
731,ON,Toronto,50 Cobbler Crescent,Black Creek,1288000.0,4,2,,6
732,ON,Toronto,35 York Road,St. Andrew-Windfields,5380000.0,4+1,6,,11
733,ON,Toronto,103 Craighurst Avenue,Lawrence Park South,3380000.0,4+1,6,2000-2500,11
734,ON,Toronto,16 Kenrae Road,East York,2799000.0,2,1,700-1100,3
735,ON,Toronto,100 Cresthaven Drive,Hillcrest Village,1959000.0,3+2,3,,8
736,ON,Toronto,41 Heathfield Drive,Scarborough Village,2350000.0,5,4,,9
737,ON,Toronto,174 Betty Ann Drive,Willowdale West,2049000.0,3+1,2,1500-2000,6
738,ON,Toronto,2438 Bayview Avenue,Bridle Path-Sunnybrook-York Mills,6000000.0,5+1,6,5000+,12
739,ON,Toronto,10 Oscar Court,Bayview Village,2700000.0,3+2,2,,7
740,ON,Toronto,216 Glencairn Avenue,Lawrence Park South,4800000.0,4+1,3,2500-3000,8
741,ON,Toronto,81 Maxome Avenue,Newtonbrook East,1898000.0,3,2,,5
742,ON,Toronto,25 Dempsey Crescent,St. Andrew-Windfields,7850000.0,5+1,9,,15
743,ON,Toronto,16 Ruden Crescent,Parkwoods-Donalda,3399000.0,4,4,,8
744,ON,Toronto,50 Bickerton Crescent,Pleasant View,2388888.0,4+3,4,,11
745,ON,Toronto,8 Yorkleigh Avenue,Humber Heights,3155000.0,3+1,3,,7
746,ON,Toronto,124 Kendal Avenue,Annex,4200000.0,6+3,6,,15
747,ON,Toronto,29 Thelma Avenue,Forest Hill South,1999999.0,3+1,2,,6
748,ON,Toronto,426 Soudan Avenue,Mount Pleasant East,2900000.0,4+2,5,2500-3000,11
749,ON,Toronto,140 Hillmount Avenue,Englemount-Lawrence,1948000.0,3+1,1,,5
750,ON,Toronto,201 Christie Street,Annex,1799900.0,4+1,3,,8
751,ON,Toronto,49 Grantbrook Street,Newtonbrook West,1599000.0,3,3,,6
752,ON,Toronto,87 Shier Drive,Woburn,900000.0,3+2,2,700-1100,7
753,ON,Toronto,185 Fenn Avenue,St. Andrew-Windfields,5650000.0,4+1,7,0-0,12
754,ON,Toronto,43 Rusholme Park Crescent N,Little Portugal,1888888.0,6+2,3,,11
755,ON,Toronto,226 Lawrence Avenue W,Lawrence Park North,2688000.0,4,4,,8
756,ON,Toronto,3121 St. Clair Avenue E,Clairlea-Birchmount,1399900.0,2,1,,3
757,ON,Toronto,141 Bannockburn Avenue,Bedford Park-Nortown,2828000.0,4+1,5,2000-2500,10
758,ON,Toronto,1 Rialto Drive,Parkwoods-Donalda,1699000.0,5,3,,8
759,ON,Toronto,48 Bruce Farm Drive,Bayview Woods-Steeles,3288000.0,3+2,3,,8
760,ON,Toronto,117 Northdale Road,St. Andrew-Windfields,4450000.0,6,6,,12
761,ON,Toronto,117 Northdale Road,St. Andrew-Windfields,5500000.0,6,6,,12
762,ON,Toronto,11 Hanson Road,Oakwood-Vaughan,1789000.0,8+2,5,,15
763,ON,Toronto,1010 Caledonia Road,Yorkdale-Glen Park,1688000.0,Investment2400 sqft,Nan,0-0,0
764,ON,Toronto,625 Crawford Street,Palmerston-Little Italy,1699990.0,3,1,,4
765,ON,Toronto,44 Overton Crescent,Banbury-Don Mills,1648000.0,3+1,2,700-1100,6
766,ON,Toronto,270 Yonge Boulevard,Bedford Park-Nortown,2450000.0,4+1,4,,9
767,ON,Toronto,101 Old Colony Road,St. Andrew-Windfields,19800000.0,5+1,10,,16
768,ON,Toronto,75 Northwood Drive E,Willowdale East,4380000.0,5+1,7,5000+,13
769,ON,Toronto,752 Midland Avenue,Kennedy Park,2999000.0,3+1,1,,5
770,ON,Toronto,102 Upper Canada Drive,St. Andrew-Windfields,2600000.0,5+2,3,,10
771,ON,Toronto,1363 King Street W,South Parkdale,2199000.0,Investment2520 sqft,Nan,0-0,0
772,ON,Toronto,125 North Carson Street,Alderwood,2000000.0,3+3,2,,8
773,ON,Toronto,25 Berkindale Drive,St. Andrew-Windfields,3980000.0,3,4,,7
774,ON,Toronto,246 Inglewood Drive,Rosedale-Moore Park,7500000.0,4+1,6,3500-5000,11
775,ON,Toronto,632 Trethewey Drive,Brookhaven-Amesbury,1250000.0,1,2,,3
776,ON,Toronto,25 Woodbank Road,Islington-City Centre West,3333000.0,5+1,5,3500-5000,11
777,ON,Toronto,2 Leona Drive,Willowdale East,2036000.0,2,2,1000-1500,4
778,ON,Toronto,5 Breen Crescent,St. Andrew-Windfields,4280000.0,4+1,6,3500-5000,11
779,ON,Toronto,44 Frontenac Avenue,Bedford Park-Nortown,2799000.0,7+2,7,3500-5000,16
780,ON,Toronto,16 Forest Hill Road,Casa Loma,14380000.0,5+1,10,,16
781,ON,Toronto,69 Alamosa Drive,Bayview Village,3489000.0,3+1,5,,9
782,ON,Toronto,28 Hurndale Avenue N,Playter Estates-Danforth,4195000.0,5+1,4,3000-3500,10
783,ON,Toronto,103 Slan Avenue,Morningside,1820000.0,7+3,4,,14
784,ON,Toronto,64 Berkindale Drive,St. Andrew-Windfields,7500000.0,5+1,8,,14
785,ON,Toronto,2 Blakeley Road,Willowdale West,2499900.0,3+2,3,0-0,8
786,ON,Toronto,242 Parkview Avenue,Willowdale East,3999000.0,4+2,7,3500-5000,13
787,ON,Toronto,89 Kingsway Crescent,Kingsway South,7995000.0,5,8,5000+,13
788,ON,Toronto,26 Harrison Road,St. Andrew-Windfields,3890000.0,4,3,,7
789,ON,Toronto,382 Old Yonge Street,St. Andrew-Windfields,17500000.0,6+1,13,,20
790,ON,Toronto,2426 Bayview Avenue,Bridle Path-Sunnybrook-York Mills,4058750.0,Land5000 sqft,Nan,0-0,0
791,ON,Toronto,2424 Bayview Avenue,Bridle Path-Sunnybrook-York Mills,4441250.0,Residential2000 sqft,Nan,0-0,0
792,ON,Toronto,3 Sulgrave Crescent,St. Andrew-Windfields,5900000.0,5+1,9,5000+,15
793,ON,Toronto,36 High Point Road,Bridle Path-Sunnybrook-York Mills,16000000.0,5+1,7,5000+,13
794,ON,Toronto,905 Queen Street W,Trinity-Bellwoods,5500000.0,Office2500 sqft,Nan,0-0,0
795,ON,Toronto,19 York Ridge Road,St. Andrew-Windfields,6995000.0,5+1,5,3500-5000,11
796,ON,Toronto,20 Oxbow Road,Banbury-Don Mills,4300000.0,4+2,3,,9
797,ON,Toronto,9 Chestnut Hills Crescent,Edenbridge-Humber Valley,3399000.0,4+1,5,0-0,10
798,ON,Toronto,7 Tudor Gate,Bridle Path-Sunnybrook-York Mills,9800000.0,5+1,10,5000+,16
799,ON,Toronto,54 Croft Street,University,3250000.0,3+1,3,,7
800,ON,Toronto,164 Clanton Park Road,Clanton Park,1999000.0,5+2,3,,10
801,ON,Toronto,15 Valleyanna Drive,Bridle Path-Sunnybrook-York Mills,9350000.0,6+1,11,,18
802,ON,Toronto,7 Bracebridge Avenue,Woodbine-Lumsden,2200000.0,2+1,2,,5
803,ON,Toronto,49 Plymbridge Road Road,Bridle Path-Sunnybrook-York Mills,12380000.0,5+1,9,5000+,15
804,ON,Toronto,27 Alderbrook Drive,Banbury-Don Mills,9700000.0,5+1,8,,14
805,ON,Toronto,188 Hollywood Avenue,Willowdale East,3500000.0,5+2,7,3500-5000,14
806,ON,Toronto,11 Muirkirk Road,Willowdale West,3500000.0,2+2,7,1000-1500,11
807,ON,Toronto,131 Whistling Hills Drive,Milliken,1428000.0,3+2,4,,9
808,ON,Toronto,7 Legacy Court,St. Andrew-Windfields,6888000.0,4+1,7,5000+,12
809,ON,Toronto,114 Wedgewood Drive,Newtonbrook East,3998000.0,4+1,6,,11
810,ON,Toronto,111 Clanton Park Road,Clanton Park,4250000.0,8,4,3500-5000,12
811,ON,Toronto,16 Stratheden Road,Bridle Path-Sunnybrook-York Mills,26900000.0,6,10,,16
812,ON,Toronto,115 Walnut Avenue,Niagara,4985000.0,Office4605 sqft,Nan,0-0,0
813,ON,Toronto,2366 Gerrard Street E,East End-Danforth,1675000.0,3,3,2500-3000,6
814,ON,Toronto,5 Stonedene Boulevard,Westminster-Branson,1799000.0,4+4,5,3000-3500,13
815,ON,Toronto,103 Lytton Boulevard,Lawrence Park South,10900000.0,5+2,7,,14
816,ON,Toronto,180 Queens Drive,Weston,2850000.0,7,7,5000+,14
817,ON,Toronto,196 Holmes Avenue,Willowdale East,3890000.0,4+2,6,3500-5000,12
818,ON,Toronto,20 High Point Road,Bridle Path-Sunnybrook-York Mills,20000000.0,5+1,10,5000+,16
819,ON,Toronto,38 Holmes Avenue,Willowdale East,3980000.0,5+3,6,3500-5000,14
820,ON,Toronto,12 Baytree Crescent,St. Andrew-Windfields,10888000.0,6+1,12,5000+,19
821,ON,Toronto,18 Kestell Lane,Parkwoods-Donalda,4688000.0,4+1,6,,11
822,ON,Toronto,15 Royal Oak Drive,Bridle Path-Sunnybrook-York Mills,7590000.0,5+1,7,,13
823,ON,Toronto,2771 & 2773 Victoria Park Avenue,L'Amoreaux,7345000.0,8,5,,13
824,ON,Toronto,216 Dunview Avenue,Willowdale East,3999000.0,5+1,8,5000+,14
825,ON,Toronto,24 Park Lane Circle,Bridle Path-Sunnybrook-York Mills,45000000.0,9+1,16,0-0,26
826,ON,Toronto,1 Fenwood Heights,Cliffcrest,5000000.0,–,–,,0
